{"main":"american-flights-api.raml","name":"American Flights API","organizationId":"9079bf88-a021-44bd-9426-285de194ee27","groupId":"9079bf88-a021-44bd-9426-285de194ee27","assetId":"american-flights-api","version":"1.0.3","metadata":{"branchId":"master","commitId":"78cef336dbc0ed4fb1a35ea09fbb6c1704a77461","projectId":"0aa8d043-1982-4f04-a502-e3f9ab06f814"},"apiVersion":"v1","classifier":"raml","dependencies":[{"assetId":"training-american-flight-data-type","groupId":"68ef9520-24e9-4cf2-b2f5-620025690913","version":"1.0.1"},{"assetId":"training-american-flights-example","groupId":"68ef9520-24e9-4cf2-b2f5-620025690913","version":"1.0.1"}],"tags":[],"originalFormatVersion":"1.0"}